country,year,sex,age_group,value
AD,2000,m,0--14,0
AE,2000,m,0--14,2
AF,2000,m,0--14,52
AG,2000,m,0--14,0
AL,2000,m,0--14,2
AM,2000,m,0--14,2
AN,2000,m,0--14,0
AO,2000,m,0--14,186
AR,2000,m,0--14,97
AT,2000,m,0--14,1
AU,2000,m,0--14,3
AZ,2000,m,0--14,0
BA,2000,m,0--14,4
BB,2000,m,0--14,0
BD,2000,m,0--14,256
BE,2000,m,0--14,3
BF,2000,m,0--14,12
BG,2000,m,0--14,0
BH,2000,m,0--14,0
BJ,2000,m,0--14,19
BN,2000,m,0--14,0
BO,2000,m,0--14,166
BR,2000,m,0--14,1894
BS,2000,m,0--14,1
BT,2000,m,0--14,6
BW,2000,m,0--14,25
BZ,2000,m,0--14,2
CA,2000,m,0--14,5
CD,2000,m,0--14,485
CH,2000,m,0--14,0
CK,2000,m,0--14,0
CL,2000,m,0--14,6
CM,2000,m,0--14,41
CN,2000,m,0--14,1131
CO,2000,m,0--14,246
CR,2000,m,0--14,14
CU,2000,m,0--14,0
CZ,2000,m,0--14,0
DJ,2000,m,0--14,17
DK,2000,m,0--14,5
DO,2000,m,0--14,73
DZ,2000,m,0--14,59
EE,2000,m,0--14,0
EG,2000,m,0--14,21
ER,2000,m,0--14,9
ET,2000,m,0--14,915
FI,2000,m,0--14,0
FJ,2000,m,0--14,0
FM,2000,m,0--14,0
FR,2000,m,0--14,10
GB,2000,m,0--14,8
GE,2000,m,0--14,4
GH,2000,m,0--14,73
GN,2000,m,0--14,39
GR,2000,m,0--14,1
GT,2000,m,0--14,36
GU,2000,m,0--14,2
GW,2000,m,0--14,2
GY,2000,m,0--14,4
HK,2000,m,0--14,4
HN,2000,m,0--14,30
HT,2000,m,0--14,67
HU,2000,m,0--14,0
IE,2000,m,0--14,0
IL,2000,m,0--14,0
IN,2000,m,0--14,1588
IQ,2000,m,0--14,21
IR,2000,m,0--14,29
IT,2000,m,0--14,12
JM,2000,m,0--14,0
JO,2000,m,0--14,0
JP,2000,m,0--14,2
KE,2000,m,0--14,264
KG,2000,m,0--14,4
KH,2000,m,0--14,26
KI,2000,m,0--14,2
KM,2000,m,0--14,0
KP,2000,m,0--14,293
KR,2000,m,0--14,19
KW,2000,m,0--14,0
KY,2000,m,0--14,0
KZ,2000,m,0--14,36
LA,2000,m,0--14,7
LB,2000,m,0--14,5
LC,2000,m,0--14,0
LK,2000,m,0--14,25
LR,2000,m,0--14,12
LS,2000,m,0--14,8
LT,2000,m,0--14,1
LV,2000,m,0--14,0
LY,2000,m,0--14,5
MA,2000,m,0--14,99
MD,2000,m,0--14,2
MH,2000,m,0--14,3
MK,2000,m,0--14,5
ML,2000,m,0--14,23
MM,2000,m,0--14,88
MN,2000,m,0--14,6
MO,2000,m,0--14,0
MP,2000,m,0--14,1
MT,2000,m,0--14,0
MU,2000,m,0--14,2
MV,2000,m,0--14,0
MW,2000,m,0--14,50
MX,2000,m,0--14,214
MY,2000,m,0--14,32
NA,2000,m,0--14,18
NC,2000,m,0--14,1
NE,2000,m,0--14,29
NG,2000,m,0--14,157
NI,2000,m,0--14,18
NL,2000,m,0--14,0
NO,2000,m,0--14,0
NP,2000,m,0--14,170
NZ,2000,m,0--14,0
OM,2000,m,0--14,1
PA,2000,m,0--14,3
PE,2000,m,0--14,552
PF,2000,m,0--14,1
PG,2000,m,0--14,8
PK,2000,m,0--14,55
PL,2000,m,0--14,1
PR,2000,m,0--14,0
PT,2000,m,0--14,8
PY,2000,m,0--14,16
QA,2000,m,0--14,0
RO,2000,m,0--14,46
RU,2000,m,0--14,1
RW,2000,m,0--14,155
SA,2000,m,0--14,0
SB,2000,m,0--14,3
SD,2000,m,0--14,785
SE,2000,m,0--14,0
SG,2000,m,0--14,1
SI,2000,m,0--14,0
SK,2000,m,0--14,2
SL,2000,m,0--14,18
SN,2000,m,0--14,60
SO,2000,m,0--14,113
SR,2000,m,0--14,1
ST,2000,m,0--14,1
SV,2000,m,0--14,13
SY,2000,m,0--14,8
SZ,2000,m,0--14,11
TG,2000,m,0--14,4
TH,2000,m,0--14,27
TM,2000,m,0--14,16
TN,2000,m,0--14,16
TT,2000,m,0--14,0
TZ,2000,m,0--14,200
UA,2000,m,0--14,21
UG,2000,m,0--14,283
US,2000,m,0--14,6
UY,2000,m,0--14,0
UZ,2000,m,0--14,6
VC,2000,m,0--14,0
VN,2000,m,0--14,51
VU,2000,m,0--14,2
WS,2000,m,0--14,0
YE,2000,m,0--14,110
ZA,2000,m,0--14,116
ZM,2000,m,0--14,349
AD,2000,m,15--24,0
AE,2000,m,15--24,4
AF,2000,m,15--24,228
AG,2000,m,15--24,0
AL,2000,m,15--24,19
AM,2000,m,15--24,152
AN,2000,m,15--24,0
AO,2000,m,15--24,999
AR,2000,m,15--24,278
AT,2000,m,15--24,17
AU,2000,m,15--24,16
AZ,2000,m,15--24,9
BA,2000,m,15--24,56
BB,2000,m,15--24,0
BD,2000,m,15--24,3640
BE,2000,m,15--24,20
BF,2000,m,15--24,91
BG,2000,m,15--24,13
BH,2000,m,15--24,0
BJ,2000,m,15--24,277
BN,2000,m,15--24,6
BO,2000,m,15--24,1182
BR,2000,m,15--24,7268
BS,2000,m,15--24,2
BT,2000,m,15--24,65
BW,2000,m,15--24,185
BZ,2000,m,15--24,5
CA,2000,m,15--24,34
CD,2000,m,15--24,4048
CH,2000,m,15--24,5
CK,2000,m,15--24,0
CL,2000,m,15--24,81
CM,2000,m,15--24,518
CN,2000,m,15--24,19111
CO,2000,m,15--24,763
CR,2000,m,15--24,31
CU,2000,m,15--24,71
CZ,2000,m,15--24,7
DJ,2000,m,15--24,302
DK,2000,m,15--24,10
DO,2000,m,15--24,410
DZ,2000,m,15--24,927
EE,2000,m,15--24,6
EG,2000,m,15--24,641
ER,2000,m,15--24,70
ET,2000,m,15--24,5095
FI,2000,m,15--24,3
FJ,2000,m,15--24,8
FM,2000,m,15--24,2
FR,2000,m,15--24,136
GB,2000,m,15--24,86
GE,2000,m,15--24,76
GH,2000,m,15--24,550
GN,2000,m,15--24,551
GR,2000,m,15--24,10
GT,2000,m,15--24,220
GU,2000,m,15--24,1
GW,2000,m,15--24,52
GY,2000,m,15--24,20
HK,2000,m,15--24,78
HN,2000,m,15--24,123
HT,2000,m,15--24,836
HU,2000,m,15--24,8
IE,2000,m,15--24,10
IL,2000,m,15--24,16
IN,2000,m,15--24,20963
IQ,2000,m,15--24,627
IR,2000,m,15--24,438
IT,2000,m,15--24,63
JM,2000,m,15--24,6
JO,2000,m,15--24,8
JP,2000,m,15--24,246
KE,2000,m,15--24,3739
KG,2000,m,15--24,128
KH,2000,m,15--24,519
KI,2000,m,15--24,9
KM,2000,m,15--24,18
KP,2000,m,15--24,928
KR,2000,m,15--24,821
KW,2000,m,15--24,10
KY,2000,m,15--24,0
KZ,2000,m,15--24,1057
LA,2000,m,15--24,92
LB,2000,m,15--24,16
LC,2000,m,15--24,0
LK,2000,m,15--24,266
LR,2000,m,15--24,133
LS,2000,m,15--24,165
LT,2000,m,15--24,38
LV,2000,m,15--24,53
LY,2000,m,15--24,101
MA,2000,m,15--24,2061
MD,2000,m,15--24,52
MH,2000,m,15--24,5
MK,2000,m,15--24,8
ML,2000,m,15--24,206
MM,2000,m,15--24,1459
MN,2000,m,15--24,181
MO,2000,m,15--24,10
MP,2000,m,15--24,4
MT,2000,m,15--24,1
MU,2000,m,15--24,6
MV,2000,m,15--24,9
MW,2000,m,15--24,653
MX,2000,m,15--24,1079
MY,2000,m,15--24,694
NA,2000,m,15--24,269
NC,2000,m,15--24,1
NE,2000,m,15--24,270
NG,2000,m,15--24,2173
NI,2000,m,15--24,194
NL,2000,m,15--24,34
NO,2000,m,15--24,1
NP,2000,m,15--24,1904
NZ,2000,m,15--24,6
OM,2000,m,15--24,8
PA,2000,m,15--24,44
PE,2000,m,15--24,5290
PF,2000,m,15--24,3
PG,2000,m,15--24,87
PK,2000,m,15--24,498
PL,2000,m,15--24,99
PR,2000,m,15--24,1
PT,2000,m,15--24,147
PY,2000,m,15--24,112
QA,2000,m,15--24,7
RO,2000,m,15--24,832
RU,2000,m,15--24,295
RW,2000,m,15--24,466
SA,2000,m,15--24,131
SB,2000,m,15--24,13
SD,2000,m,15--24,1028
SE,2000,m,15--24,9
SG,2000,m,15--24,8
SI,2000,m,15--24,3
SK,2000,m,15--24,6
SL,2000,m,15--24,287
SN,2000,m,15--24,772
SO,2000,m,15--24,740
SR,2000,m,15--24,6
ST,2000,m,15--24,5
SV,2000,m,15--24,99
SY,2000,m,15--24,359
SZ,2000,m,15--24,130
TG,2000,m,15--24,101
TH,2000,m,15--24,859
TM,2000,m,15--24,103
TN,2000,m,15--24,139
TO,2000,m,15--24,2
TT,2000,m,15--24,7
TZ,2000,m,15--24,2357
UA,2000,m,15--24,693
UG,2000,m,15--24,1511
US,2000,m,15--24,365
UY,2000,m,15--24,36
UZ,2000,m,15--24,351
VC,2000,m,15--24,1
VN,2000,m,15--24,2367
VU,2000,m,15--24,7
WS,2000,m,15--24,3
YE,2000,m,15--24,789
ZA,2000,m,15--24,723
ZM,2000,m,15--24,2175
AD,2000,m,25--34,1
AE,2000,m,25--34,4
AF,2000,m,25--34,183
AG,2000,m,25--34,0
AL,2000,m,25--34,21
AM,2000,m,25--34,130
AN,2000,m,25--34,1
AO,2000,m,25--34,1003
AR,2000,m,25--34,594
AT,2000,m,25--34,30
AU,2000,m,25--34,35
AZ,2000,m,25--34,24
BA,2000,m,25--34,82
BB,2000,m,25--34,0
BD,2000,m,25--34,5643
BE,2000,m,25--34,57
BF,2000,m,25--34,274
BG,2000,m,25--34,16
BH,2000,m,25--34,3
BJ,2000,m,25--34,428
BN,2000,m,25--34,4
BO,2000,m,25--34,797
BR,2000,m,25--34,11568
BS,2000,m,25--34,7
BT,2000,m,25--34,41
BW,2000,m,25--34,605
BZ,2000,m,25--34,7
CA,2000,m,25--34,45
CD,2000,m,25--34,5833
CH,2000,m,25--34,18
CK,2000,m,25--34,0
CL,2000,m,25--34,160
CM,2000,m,25--34,842
CN,2000,m,25--34,29399
CO,2000,m,25--34,1030
CR,2000,m,25--34,53
CU,2000,m,25--34,167
CZ,2000,m,25--34,31
DJ,2000,m,25--34,347
DK,2000,m,25--34,20
DO,2000,m,25--34,481
DZ,2000,m,25--34,1516
EE,2000,m,25--34,31
EG,2000,m,25--34,827
ER,2000,m,25--34,75
ET,2000,m,25--34,5187
FI,2000,m,25--34,8
FJ,2000,m,25--34,6
FM,2000,m,25--34,0
FR,2000,m,25--34,248
GB,2000,m,25--34,130
GE,2000,m,25--34,111
GH,2000,m,25--34,1266
GN,2000,m,25--34,860
GR,2000,m,25--34,22
GT,2000,m,25--34,236
GU,2000,m,25--34,6
GW,2000,m,25--34,92
GY,2000,m,25--34,19
HK,2000,m,25--34,102
HN,2000,m,25--34,371
HT,2000,m,25--34,898
HU,2000,m,25--34,24
IE,2000,m,25--34,7
IL,2000,m,25--34,28
IN,2000,m,25--34,31090
IQ,2000,m,25--34,317
IR,2000,m,25--34,467
IT,2000,m,25--34,96
JM,2000,m,25--34,13
JO,2000,m,25--34,16
JP,2000,m,25--34,572
KE,2000,m,25--34,6653
KG,2000,m,25--34,227
KH,2000,m,25--34,1323
KI,2000,m,25--34,3
KM,2000,m,25--34,7
KP,2000,m,25--34,1508
KR,2000,m,25--34,1085
KW,2000,m,25--34,44
KY,2000,m,25--34,3
KZ,2000,m,25--34,1409
LA,2000,m,25--34,128
LB,2000,m,25--34,28
LC,2000,m,25--34,0
LK,2000,m,25--34,459
LR,2000,m,25--34,196
LS,2000,m,25--34,458
LT,2000,m,25--34,97
LV,2000,m,25--34,106
LY,2000,m,25--34,239
MA,2000,m,25--34,2423
MD,2000,m,25--34,31
MH,2000,m,25--34,4
MK,2000,m,25--34,14
ML,2000,m,25--34,430
MM,2000,m,25--34,2636
MN,2000,m,25--34,260
MO,2000,m,25--34,8
MP,2000,m,25--34,8
MT,2000,m,25--34,0
MU,2000,m,25--34,9
MV,2000,m,25--34,10
MW,2000,m,25--34,1476
MX,2000,m,25--34,1387
MY,2000,m,25--34,1138
NA,2000,m,25--34,874
NC,2000,m,25--34,3
NE,2000,m,25--34,174
NG,2000,m,25--34,3164
NI,2000,m,25--34,174
NL,2000,m,25--34,63
NO,2000,m,25--34,9
NP,2000,m,25--34,1763
NZ,2000,m,25--34,5
OM,2000,m,25--34,9
PA,2000,m,25--34,78
PE,2000,m,25--34,2875
PF,2000,m,25--34,3
PG,2000,m,25--34,70
PK,2000,m,25--34,387
PL,2000,m,25--34,303
PR,2000,m,25--34,4
PT,2000,m,25--34,375
PY,2000,m,25--34,103
QA,2000,m,25--34,19
RO,2000,m,25--34,1508
RU,2000,m,25--34,526
RW,2000,m,25--34,974
SA,2000,m,25--34,268
SB,2000,m,25--34,4
SC,2000,m,25--34,2
SD,2000,m,25--34,1511
SE,2000,m,25--34,10
SG,2000,m,25--34,9
SI,2000,m,25--34,11
SK,2000,m,25--34,15
SL,2000,m,25--34,486
SN,2000,m,25--34,1297
SO,2000,m,25--34,724
SR,2000,m,25--34,6
ST,2000,m,25--34,11
SV,2000,m,25--34,124
SY,2000,m,25--34,289
SZ,2000,m,25--34,352
TG,2000,m,25--34,168
TH,2000,m,25--34,2570
TM,2000,m,25--34,185
TN,2000,m,25--34,208
TO,2000,m,25--34,1
TT,2000,m,25--34,18
TZ,2000,m,25--34,4836
UA,2000,m,25--34,1552
UG,2000,m,25--34,3497
US,2000,m,25--34,602
UY,2000,m,25--34,48
UZ,2000,m,25--34,749
VC,2000,m,25--34,0
VN,2000,m,25--34,6147
VU,2000,m,25--34,5
WS,2000,m,25--34,1
YE,2000,m,25--34,689
ZA,2000,m,25--34,1999
ZM,2000,m,25--34,2610
AD,2000,m,35-44,0
AE,2000,m,35-44,6
AF,2000,m,35-44,149
AG,2000,m,35-44,0
AL,2000,m,35-44,14
AM,2000,m,35-44,131
AN,2000,m,35-44,2
AO,2000,m,35-44,912
AR,2000,m,35-44,402
AT,2000,m,35-44,59
AU,2000,m,35-44,25
AZ,2000,m,35-44,33
BA,2000,m,35-44,99
BB,2000,m,35-44,2
BD,2000,m,35-44,5750
BE,2000,m,35-44,39
BF,2000,m,35-44,252
BG,2000,m,35-44,20
BH,2000,m,35-44,2
BJ,2000,m,35-44,327
BN,2000,m,35-44,15
BO,2000,m,35-44,518
BR,2000,m,35-44,11906
BS,2000,m,35-44,9
BT,2000,m,35-44,30
BW,2000,m,35-44,488
BZ,2000,m,35-44,2
CA,2000,m,35-44,46
CD,2000,m,35-44,4151
CH,2000,m,35-44,10
CK,2000,m,35-44,0
CL,2000,m,35-44,198
CM,2000,m,35-44,584
CN,2000,m,35-44,25206
CO,2000,m,35-44,963
CR,2000,m,35-44,62
CU,2000,m,35-44,90
CZ,2000,m,35-44,52
DJ,2000,m,35-44,139
DK,2000,m,35-44,24
DO,2000,m,35-44,344
DZ,2000,m,35-44,610
EE,2000,m,35-44,53
EG,2000,m,35-44,667
ER,2000,m,35-44,57
ET,2000,m,35-44,3082
FI,2000,m,35-44,22
FJ,2000,m,35-44,13
FM,2000,m,35-44,1
FR,2000,m,35-44,247
GB,2000,m,35-44,96
GE,2000,m,35-44,113
GH,2000,m,35-44,1115
GN,2000,m,35-44,570
GR,2000,m,35-44,32
GT,2000,m,35-44,216
GU,2000,m,35-44,6
GW,2000,m,35-44,80
GY,2000,m,35-44,14
HK,2000,m,35-44,160
HN,2000,m,35-44,246
HT,2000,m,35-44,613
HU,2000,m,35-44,85
IE,2000,m,35-44,7
IL,2000,m,35-44,17
IN,2000,m,35-44,30829
IQ,2000,m,35-44,297
IR,2000,m,35-44,387
IT,2000,m,35-44,75
JM,2000,m,35-44,13
JO,2000,m,35-44,13
JP,2000,m,35-44,676
KE,2000,m,35-44,3548
KG,2000,m,35-44,205
KH,2000,m,35-44,1618
KI,2000,m,35-44,3
KM,2000,m,35-44,14
KP,2000,m,35-44,2927
KR,2000,m,35-44,988
KW,2000,m,35-44,32
KY,2000,m,35-44,1
KZ,2000,m,35-44,1379
LA,2000,m,35-44,166
LB,2000,m,35-44,20
LC,2000,m,35-44,1
LK,2000,m,35-44,695
LR,2000,m,35-44,127
LS,2000,m,35-44,517
LT,2000,m,35-44,145
LV,2000,m,35-44,124
LY,2000,m,35-44,86
MA,2000,m,35-44,1705
MD,2000,m,35-44,36
MH,2000,m,35-44,1
MK,2000,m,35-44,20
ML,2000,m,35-44,396
MM,2000,m,35-44,2781
MN,2000,m,35-44,171
MO,2000,m,35-44,25
MP,2000,m,35-44,9
MT,2000,m,35-44,1
MU,2000,m,35-44,18
MV,2000,m,35-44,2
MW,2000,m,35-44,1113
MX,2000,m,35-44,1162
MY,2000,m,35-44,1177
NA,2000,m,35-44,665
NC,2000,m,35-44,4
NE,2000,m,35-44,441
NG,2000,m,35-44,1836
NI,2000,m,35-44,147
NL,2000,m,35-44,41
NO,2000,m,35-44,3
NP,2000,m,35-44,1713
NZ,2000,m,35-44,6
OM,2000,m,35-44,11
PA,2000,m,35-44,61
PE,2000,m,35-44,1546
PF,2000,m,35-44,4
PG,2000,m,35-44,30
PK,2000,m,35-44,256
PL,2000,m,35-44,812
PR,2000,m,35-44,19
PT,2000,m,35-44,349
PY,2000,m,35-44,105
QA,2000,m,35-44,9
RO,2000,m,35-44,1799
RU,2000,m,35-44,596
RW,2000,m,35-44,824
SA,2000,m,35-44,213
SB,2000,m,35-44,8
SC,2000,m,35-44,4
SD,2000,m,35-44,1351
SE,2000,m,35-44,12
SG,2000,m,35-44,34
SI,2000,m,35-44,36
SK,2000,m,35-44,31
SL,2000,m,35-44,361
SN,2000,m,35-44,857
SO,2000,m,35-44,408
SR,2000,m,35-44,3
ST,2000,m,35-44,4
SV,2000,m,35-44,114
SY,2000,m,35-44,125
SZ,2000,m,35-44,249
TG,2000,m,35-44,144
TH,2000,m,35-44,2380
TM,2000,m,35-44,144
TN,2000,m,35-44,156
TO,2000,m,35-44,1
TT,2000,m,35-44,27
TZ,2000,m,35-44,3430
UA,2000,m,35-44,2385
UG,2000,m,35-44,2479
US,2000,m,35-44,906
UY,2000,m,35-44,45
UZ,2000,m,35-44,510
VC,2000,m,35-44,4
VN,2000,m,35-44,8209
VU,2000,m,35-44,1
WS,2000,m,35-44,1
YE,2000,m,35-44,493
ZA,2000,m,35-44,2135
ZM,2000,m,35-44,3045
AD,2000,m,45-54,0
AE,2000,m,45-54,5
AF,2000,m,45-54,129
AG,2000,m,45-54,0
AL,2000,m,45-54,24
AM,2000,m,45-54,63
AN,2000,m,45-54,0
AO,2000,m,45-54,482
AR,2000,m,45-54,419
AS,2000,m,45-54,1
AT,2000,m,45-54,42
AU,2000,m,45-54,24
AZ,2000,m,45-54,42
BA,2000,m,45-54,66
BB,2000,m,45-54,0
BD,2000,m,45-54,4718
BE,2000,m,45-54,55
BF,2000,m,45-54,133
BG,2000,m,45-54,3
BH,2000,m,45-54,5
BJ,2000,m,45-54,213
BN,2000,m,45-54,5
BO,2000,m,45-54,466
BR,2000,m,45-54,8623
BS,2000,m,45-54,4
BT,2000,m,45-54,24
BW,2000,m,45-54,267
BZ,2000,m,45-54,6
CA,2000,m,45-54,41
CD,2000,m,45-54,2549
CH,2000,m,45-54,7
CK,2000,m,45-54,0
CL,2000,m,45-54,150
CM,2000,m,45-54,284
CN,2000,m,45-54,25593
CO,2000,m,45-54,743
CR,2000,m,45-54,39
CU,2000,m,45-54,74
CZ,2000,m,45-54,89
DJ,2000,m,45-54,67
DK,2000,m,45-54,16
DO,2000,m,45-54,173
DZ,2000,m,45-54,491
EE,2000,m,45-54,56
EG,2000,m,45-54,476
ER,2000,m,45-54,32
ET,2000,m,45-54,1495
FI,2000,m,45-54,19
FJ,2000,m,45-54,5
FM,2000,m,45-54,0
FR,2000,m,45-54,211
GB,2000,m,45-54,87
GE,2000,m,45-54,63
GH,2000,m,45-54,811
GN,2000,m,45-54,282
GR,2000,m,45-54,24
GT,2000,m,45-54,177
GU,2000,m,45-54,9
GW,2000,m,45-54,64
GY,2000,m,45-54,7
HK,2000,m,45-54,211
HN,2000,m,45-54,277
HT,2000,m,45-54,350
HU,2000,m,45-54,104
IE,2000,m,45-54,6
IL,2000,m,45-54,24
IN,2000,m,45-54,24230
IQ,2000,m,45-54,205
IR,2000,m,45-54,295
IT,2000,m,45-54,58
JM,2000,m,45-54,15
JO,2000,m,45-54,9
JP,2000,m,45-54,1494
KE,2000,m,45-54,1630
KG,2000,m,45-54,115
KH,2000,m,45-54,1456
KI,2000,m,45-54,3
KM,2000,m,45-54,9
KP,2000,m,45-54,2519
KR,2000,m,45-54,853
KW,2000,m,45-54,21
KY,2000,m,45-54,0
KZ,2000,m,45-54,923
LA,2000,m,45-54,201
LB,2000,m,45-54,15
LC,2000,m,45-54,0
LK,2000,m,45-54,793
LR,2000,m,45-54,52
LS,2000,m,45-54,395
LT,2000,m,45-54,155
LV,2000,m,45-54,111
LY,2000,m,45-54,36
MA,2000,m,45-54,855
MD,2000,m,45-54,13
MH,2000,m,45-54,3
MK,2000,m,45-54,19
ML,2000,m,45-54,297
MM,2000,m,45-54,2161
MN,2000,m,45-54,68
MO,2000,m,45-54,22
MP,2000,m,45-54,9
MT,2000,m,45-54,1
MU,2000,m,45-54,19
MV,2000,m,45-54,5
MW,2000,m,45-54,585
MX,2000,m,45-54,1235
MY,2000,m,45-54,908
NA,2000,m,45-54,300
NC,2000,m,45-54,2
NE,2000,m,45-54,252
NG,2000,m,45-54,1091
NI,2000,m,45-54,108
NL,2000,m,45-54,25
NO,2000,m,45-54,6
NP,2000,m,45-54,1491
NR,2000,m,45-54,1
NZ,2000,m,45-54,8
OM,2000,m,45-54,12
PA,2000,m,45-54,37
PE,2000,m,45-54,1041
PF,2000,m,45-54,4
PG,2000,m,45-54,21
PK,2000,m,45-54,232
PL,2000,m,45-54,782
PR,2000,m,45-54,9
PT,2000,m,45-54,208
PY,2000,m,45-54,86
QA,2000,m,45-54,7
RO,2000,m,45-54,1684
RU,2000,m,45-54,402
RW,2000,m,45-54,393
SA,2000,m,45-54,158
SB,2000,m,45-54,8
SC,2000,m,45-54,1
SD,2000,m,45-54,1119
SE,2000,m,45-54,11
SG,2000,m,45-54,51
SI,2000,m,45-54,22
SK,2000,m,45-54,50
SL,2000,m,45-54,190
SN,2000,m,45-54,470
SO,2000,m,45-54,254
SR,2000,m,45-54,2
ST,2000,m,45-54,7
SV,2000,m,45-54,92
SY,2000,m,45-54,86
SZ,2000,m,45-54,138
TG,2000,m,45-54,109
TH,2000,m,45-54,2117
TM,2000,m,45-54,127
TN,2000,m,45-54,109
TT,2000,m,45-54,17
TZ,2000,m,45-54,2022
UA,2000,m,45-54,2007
UG,2000,m,45-54,1279
US,2000,m,45-54,904
UY,2000,m,45-54,41
UZ,2000,m,45-54,346
VC,2000,m,45-54,2
VN,2000,m,45-54,6713
VU,2000,m,45-54,10
WS,2000,m,45-54,1
YE,2000,m,45-54,314
ZA,2000,m,45-54,1146
ZM,2000,m,45-54,435
AD,2000,m,55-64,0
AE,2000,m,55-64,12
AF,2000,m,55-64,94
AG,2000,m,55-64,0
AL,2000,m,55-64,19
AM,2000,m,55-64,26
AN,2000,m,55-64,0
AO,2000,m,55-64,312
AR,2000,m,55-64,368
AS,2000,m,55-64,1
AT,2000,m,55-64,23
AU,2000,m,55-64,19
AZ,2000,m,55-64,30
BA,2000,m,55-64,58
BB,2000,m,55-64,0
BD,2000,m,55-64,3667
BE,2000,m,55-64,32
BF,2000,m,55-64,68
BG,2000,m,55-64,9
BH,2000,m,55-64,3
BJ,2000,m,55-64,103
BN,2000,m,55-64,7
BO,2000,m,55-64,340
BR,2000,m,55-64,5085
BS,2000,m,55-64,3
BT,2000,m,55-64,12
BW,2000,m,55-64,135
BZ,2000,m,55-64,3
CA,2000,m,55-64,32
CD,2000,m,55-64,1295
CH,2000,m,55-64,5
CK,2000,m,55-64,0
CL,2000,m,55-64,132
CM,2000,m,55-64,130
CN,2000,m,55-64,21429
CO,2000,m,55-64,610
CR,2000,m,55-64,28
CU,2000,m,55-64,55
CZ,2000,m,55-64,61
DJ,2000,m,55-64,60
DK,2000,m,55-64,11
DO,2000,m,55-64,125
DZ,2000,m,55-64,234
EE,2000,m,55-64,35
EG,2000,m,55-64,307
ER,2000,m,55-64,25
ET,2000,m,55-64,610
FI,2000,m,55-64,28
FJ,2000,m,55-64,4
FM,2000,m,55-64,0
FR,2000,m,55-64,125
GB,2000,m,55-64,75
GE,2000,m,55-64,45
GH,2000,m,55-64,495
GN,2000,m,55-64,203
GR,2000,m,55-64,19
GT,2000,m,55-64,112
GU,2000,m,55-64,6
GW,2000,m,55-64,39
GY,2000,m,55-64,6
HK,2000,m,55-64,236
HN,2000,m,55-64,214
HT,2000,m,55-64,147
HU,2000,m,55-64,58
IE,2000,m,55-64,4
IL,2000,m,55-64,10
IN,2000,m,55-64,15308
IQ,2000,m,55-64,135
IR,2000,m,55-64,344
IT,2000,m,55-64,54
JM,2000,m,55-64,6
JO,2000,m,55-64,14
JP,2000,m,55-64,1509
KE,2000,m,55-64,630
KG,2000,m,55-64,52
KH,2000,m,55-64,1373
KI,2000,m,55-64,8
KM,2000,m,55-64,3
KP,2000,m,55-64,1167
KR,2000,m,55-64,731
KW,2000,m,55-64,11
KY,2000,m,55-64,1
KZ,2000,m,55-64,439
LA,2000,m,55-64,177
LB,2000,m,55-64,17
LC,2000,m,55-64,1
LK,2000,m,55-64,484
LR,2000,m,55-64,17
LS,2000,m,55-64,198
LT,2000,m,55-64,74
LV,2000,m,55-64,64
LY,2000,m,55-64,29
MA,2000,m,55-64,485
MD,2000,m,55-64,13
MH,2000,m,55-64,5
MK,2000,m,55-64,20
ML,2000,m,55-64,235
MM,2000,m,55-64,1235
MN,2000,m,55-64,38
MO,2000,m,55-64,9
MP,2000,m,55-64,3
MT,2000,m,55-64,0
MU,2000,m,55-64,14
MV,2000,m,55-64,5
MW,2000,m,55-64,245
MX,2000,m,55-64,972
MY,2000,m,55-64,814
NA,2000,m,55-64,147
NC,2000,m,55-64,3
NE,2000,m,55-64,151
NG,2000,m,55-64,566
NI,2000,m,55-64,64
NL,2000,m,55-64,10
NO,2000,m,55-64,2
NP,2000,m,55-64,1294
NZ,2000,m,55-64,10
OM,2000,m,55-64,9
PA,2000,m,55-64,27
PE,2000,m,55-64,801
PF,2000,m,55-64,4
PG,2000,m,55-64,12
PK,2000,m,55-64,153
PL,2000,m,55-64,361
PR,2000,m,55-64,10
PT,2000,m,55-64,140
PY,2000,m,55-64,80
QA,2000,m,55-64,2
RO,2000,m,55-64,916
RU,2000,m,55-64,151
RW,2000,m,55-64,129
SA,2000,m,55-64,86
SB,2000,m,55-64,10
SC,2000,m,55-64,1
SD,2000,m,55-64,638
SE,2000,m,55-64,4
SG,2000,m,55-64,26
SI,2000,m,55-64,14
SK,2000,m,55-64,16
SL,2000,m,55-64,113
SN,2000,m,55-64,279
SO,2000,m,55-64,195
SR,2000,m,55-64,0
ST,2000,m,55-64,3
SV,2000,m,55-64,62
SY,2000,m,55-64,76
SZ,2000,m,55-64,37
TG,2000,m,55-64,48
TH,2000,m,55-64,1908
TM,2000,m,55-64,31
TN,2000,m,55-64,65
TO,2000,m,55-64,1
TT,2000,m,55-64,7
TZ,2000,m,55-64,1202
UA,2000,m,55-64,1062
UG,2000,m,55-64,607
US,2000,m,55-64,577
UY,2000,m,55-64,30
UZ,2000,m,55-64,213
VC,2000,m,55-64,0
VG,2000,m,55-64,1
VN,2000,m,55-64,5150
VU,2000,m,55-64,5
WS,2000,m,55-64,2
YE,2000,m,55-64,255
ZA,2000,m,55-64,435
ZM,2000,m,55-64,261
AD,2000,m,65-100,0
AE,2000,m,65-100,10
AF,2000,m,65-100,80
AG,2000,m,65-100,1
AL,2000,m,65-100,16
AM,2000,m,65-100,21
AN,2000,m,65-100,0
AO,2000,m,65-100,194
AR,2000,m,65-100,330
AT,2000,m,65-100,41
AU,2000,m,65-100,49
AZ,2000,m,65-100,0
BA,2000,m,65-100,77
BB,2000,m,65-100,0
BD,2000,m,65-100,2837
BE,2000,m,65-100,56
BF,2000,m,65-100,65
BG,2000,m,65-100,10
BH,2000,m,65-100,4
BJ,2000,m,65-100,74
BN,2000,m,65-100,15
BO,2000,m,65-100,366
BR,2000,m,65-100,4494
BS,2000,m,65-100,2
BT,2000,m,65-100,2
BW,2000,m,65-100,96
BZ,2000,m,65-100,5
CA,2000,m,65-100,79
CD,2000,m,65-100,602
CH,2000,m,65-100,8
CK,2000,m,65-100,0
CL,2000,m,65-100,126
CM,2000,m,65-100,75
CN,2000,m,65-100,21771
CO,2000,m,65-100,746
CR,2000,m,65-100,49
CU,2000,m,65-100,75
CZ,2000,m,65-100,59
DJ,2000,m,65-100,42
DK,2000,m,65-100,14
DO,2000,m,65-100,113
DZ,2000,m,65-100,299
EE,2000,m,65-100,15
EG,2000,m,65-100,158
ER,2000,m,65-100,20
ET,2000,m,65-100,397
FI,2000,m,65-100,53
FJ,2000,m,65-100,2
FM,2000,m,65-100,1
FR,2000,m,65-100,244
GB,2000,m,65-100,138
GE,2000,m,65-100,28
GH,2000,m,65-100,426
GN,2000,m,65-100,103
GR,2000,m,65-100,46
GT,2000,m,65-100,140
GU,2000,m,65-100,9
GW,2000,m,65-100,19
GY,2000,m,65-100,9
HK,2000,m,65-100,578
HN,2000,m,65-100,43
HT,2000,m,65-100,118
HU,2000,m,65-100,27
IE,2000,m,65-100,12
IL,2000,m,65-100,31
IN,2000,m,65-100,8534
IQ,2000,m,65-100,101
IR,2000,m,65-100,642
IT,2000,m,65-100,112
JM,2000,m,65-100,5
JO,2000,m,65-100,2
JP,2000,m,65-100,3816
KE,2000,m,65-100,414
KG,2000,m,65-100,46
KH,2000,m,65-100,1058
KI,2000,m,65-100,2
KM,2000,m,65-100,4
KP,2000,m,65-100,651
KR,2000,m,65-100,901
KW,2000,m,65-100,5
KY,2000,m,65-100,0
KZ,2000,m,65-100,218
LA,2000,m,65-100,176
LB,2000,m,65-100,14
LC,2000,m,65-100,2
LK,2000,m,65-100,360
LR,2000,m,65-100,26
LS,2000,m,65-100,76
LT,2000,m,65-100,68
LV,2000,m,65-100,34
LY,2000,m,65-100,32
MA,2000,m,65-100,595
MD,2000,m,65-100,6
MH,2000,m,65-100,3
MK,2000,m,65-100,14
ML,2000,m,65-100,144
MM,2000,m,65-100,836
MN,2000,m,65-100,23
MO,2000,m,65-100,17
MP,2000,m,65-100,2
MT,2000,m,65-100,1
MU,2000,m,65-100,8
MV,2000,m,65-100,3
MW,2000,m,65-100,114
MX,2000,m,65-100,1126
MY,2000,m,65-100,891
NA,2000,m,65-100,81
NC,2000,m,65-100,4
NE,2000,m,65-100,78
NG,2000,m,65-100,463
NI,2000,m,65-100,90
NL,2000,m,65-100,21
NO,2000,m,65-100,4
NP,2000,m,65-100,772
NZ,2000,m,65-100,7
OM,2000,m,65-100,11
PA,2000,m,65-100,26
PE,2000,m,65-100,796
PF,2000,m,65-100,3
PG,2000,m,65-100,5
PK,2000,m,65-100,130
PL,2000,m,65-100,434
PR,2000,m,65-100,14
PT,2000,m,65-100,140
PY,2000,m,65-100,71
QA,2000,m,65-100,1
RO,2000,m,65-100,533
RU,2000,m,65-100,54
RW,2000,m,65-100,56
SA,2000,m,65-100,107
SB,2000,m,65-100,6
SD,2000,m,65-100,677
SE,2000,m,65-100,25
SG,2000,m,65-100,64
SI,2000,m,65-100,17
SK,2000,m,65-100,32
SL,2000,m,65-100,47
SM,2000,m,65-100,1
SN,2000,m,65-100,189
SO,2000,m,65-100,142
SR,2000,m,65-100,4
ST,2000,m,65-100,10
SV,2000,m,65-100,107
SY,2000,m,65-100,55
SZ,2000,m,65-100,17
TG,2000,m,65-100,39
TH,2000,m,65-100,2213
TM,2000,m,65-100,21
TN,2000,m,65-100,101
TO,2000,m,65-100,5
TT,2000,m,65-100,7
TZ,2000,m,65-100,834
UA,2000,m,65-100,532
UG,2000,m,65-100,395
US,2000,m,65-100,738
UY,2000,m,65-100,34
UZ,2000,m,65-100,107
VC,2000,m,65-100,1
VN,2000,m,65-100,7712
VU,2000,m,65-100,2
WS,2000,m,65-100,1
YE,2000,m,65-100,127
ZA,2000,m,65-100,212
ZM,2000,m,65-100,174
AE,2000,f,0--14,3
AF,2000,f,0--14,93
AG,2000,f,0--14,1
AL,2000,f,0--14,3
AM,2000,f,0--14,1
AN,2000,f,0--14,0
AO,2000,f,0--14,247
AR,2000,f,0--14,121
AT,2000,f,0--14,1
AU,2000,f,0--14,0
AZ,2000,f,0--14,0
BA,2000,f,0--14,4
BB,2000,f,0--14,0
BD,2000,f,0--14,495
BE,2000,f,0--14,6
BF,2000,f,0--14,7
BG,2000,f,0--14,0
BH,2000,f,0--14,0
BJ,2000,f,0--14,36
BN,2000,f,0--14,0
BO,2000,f,0--14,191
BR,2000,f,0--14,1859
BS,2000,f,0--14,2
BT,2000,f,0--14,7
BW,2000,f,0--14,37
BZ,2000,f,0--14,0
CA,2000,f,0--14,4
CD,2000,f,0--14,718
CH,2000,f,0--14,1
CK,2000,f,0--14,0
CL,2000,f,0--14,10
CM,2000,f,0--14,63
CN,2000,f,0--14,1420
CO,2000,f,0--14,194
CR,2000,f,0--14,13
CU,2000,f,0--14,2
CZ,2000,f,0--14,0
DJ,2000,f,0--14,12
DK,2000,f,0--14,5
DO,2000,f,0--14,65
DZ,2000,f,0--14,36
EE,2000,f,0--14,0
EG,2000,f,0--14,55
ER,2000,f,0--14,10
ET,2000,f,0--14,1037
FI,2000,f,0--14,0
FJ,2000,f,0--14,0
FM,2000,f,0--14,4
FR,2000,f,0--14,18
GB,2000,f,0--14,9
GE,2000,f,0--14,1
GH,2000,f,0--14,74
GN,2000,f,0--14,66
GR,2000,f,0--14,0
GT,2000,f,0--14,41
GU,2000,f,0--14,0
GW,2000,f,0--14,4
GY,2000,f,0--14,1
HK,2000,f,0--14,5
HN,2000,f,0--14,25
HT,2000,f,0--14,96
HU,2000,f,0--14,1
IE,2000,f,0--14,0
IL,2000,f,0--14,2
IN,2000,f,0--14,2250
IQ,2000,f,0--14,37
IR,2000,f,0--14,77
IS,2000,f,0--14,0
IT,2000,f,0--14,6
JM,2000,f,0--14,1
JO,2000,f,0--14,0
JP,2000,f,0--14,5
KE,2000,f,0--14,416
KG,2000,f,0--14,6
KH,2000,f,0--14,38
KI,2000,f,0--14,2
KM,2000,f,0--14,1
KP,2000,f,0--14,167
KR,2000,f,0--14,25
KW,2000,f,0--14,1
KZ,2000,f,0--14,84
LA,2000,f,0--14,10
LB,2000,f,0--14,4
LC,2000,f,0--14,0
LK,2000,f,0--14,23
LR,2000,f,0--14,21
LS,2000,f,0--14,11
LT,2000,f,0--14,0
LV,2000,f,0--14,2
LY,2000,f,0--14,6
MA,2000,f,0--14,170
MD,2000,f,0--14,1
MH,2000,f,0--14,7
MK,2000,f,0--14,1
ML,2000,f,0--14,14
MM,2000,f,0--14,72
MN,2000,f,0--14,32
MO,2000,f,0--14,0
MP,2000,f,0--14,0
MU,2000,f,0--14,1
MV,2000,f,0--14,0
MW,2000,f,0--14,66
MX,2000,f,0--14,176
MY,2000,f,0--14,41
NA,2000,f,0--14,16
NC,2000,f,0--14,1
NE,2000,f,0--14,31
NG,2000,f,0--14,239
NI,2000,f,0--14,34
NL,2000,f,0--14,4
NO,2000,f,0--14,1
NP,2000,f,0--14,176
NZ,2000,f,0--14,1
OM,2000,f,0--14,2
PA,2000,f,0--14,6
PE,2000,f,0--14,633
PF,2000,f,0--14,1
PG,2000,f,0--14,6
PK,2000,f,0--14,130
PL,2000,f,0--14,1
PR,2000,f,0--14,1
PT,2000,f,0--14,5
PY,2000,f,0--14,12
QA,2000,f,0--14,0
RO,2000,f,0--14,53
RU,2000,f,0--14,1
RW,2000,f,0--14,105
SA,2000,f,0--14,28
SB,2000,f,0--14,8
SD,2000,f,0--14,817
SE,2000,f,0--14,1
SG,2000,f,0--14,1
SI,2000,f,0--14,0
SK,2000,f,0--14,0
SL,2000,f,0--14,27
SN,2000,f,0--14,77
SO,2000,f,0--14,85
SR,2000,f,0--14,2
ST,2000,f,0--14,3
SV,2000,f,0--14,28
SY,2000,f,0--14,23
SZ,2000,f,0--14,10
TG,2000,f,0--14,13
TH,2000,f,0--14,32
TM,2000,f,0--14,19
TN,2000,f,0--14,7
TT,2000,f,0--14,0
TZ,2000,f,0--14,257
UA,2000,f,0--14,41
UG,2000,f,0--14,400
US,2000,f,0--14,14
UY,2000,f,0--14,2
UZ,2000,f,0--14,11
VC,2000,f,0--14,1
VN,2000,f,0--14,64
VU,2000,f,0--14,5
WS,2000,f,0--14,0
YE,2000,f,0--14,161
ZA,2000,f,0--14,122
ZM,2000,f,0--14,150
AE,2000,f,15--24,16
AF,2000,f,15--24,414
AG,2000,f,15--24,1
AL,2000,f,15--24,11
AM,2000,f,15--24,24
AN,2000,f,15--24,0
AO,2000,f,15--24,1142
AR,2000,f,15--24,544
AT,2000,f,15--24,11
AU,2000,f,15--24,15
AZ,2000,f,15--24,3
BA,2000,f,15--24,30
BB,2000,f,15--24,0
BD,2000,f,15--24,3029
BE,2000,f,15--24,15
BF,2000,f,15--24,59
BG,2000,f,15--24,11
BH,2000,f,15--24,1
BJ,2000,f,15--24,239
BN,2000,f,15--24,4
BO,2000,f,15--24,831
BR,2000,f,15--24,6719
BS,2000,f,15--24,5
BT,2000,f,15--24,57
BW,2000,f,15--24,335
BZ,2000,f,15--24,2
CA,2000,f,15--24,33
CD,2000,f,15--24,4422
CH,2000,f,15--24,9
CK,2000,f,15--24,0
CL,2000,f,15--24,66
CM,2000,f,15--24,368
CN,2000,f,15--24,14536
CO,2000,f,15--24,587
CR,2000,f,15--24,21
CU,2000,f,15--24,9
CZ,2000,f,15--24,15
DJ,2000,f,15--24,147
DK,2000,f,15--24,16
DO,2000,f,15--24,317
DZ,2000,f,15--24,1005
EE,2000,f,15--24,9
EG,2000,f,15--24,457
ER,2000,f,15--24,100
ET,2000,f,15--24,4699
FI,2000,f,15--24,1
FJ,2000,f,15--24,7
FM,2000,f,15--24,3
FR,2000,f,15--24,108
GB,2000,f,15--24,95
GE,2000,f,15--24,49
GH,2000,f,15--24,456
GN,2000,f,15--24,314
GR,2000,f,15--24,2
GT,2000,f,15--24,199
GU,2000,f,15--24,3
GW,2000,f,15--24,30
GY,2000,f,15--24,11
HK,2000,f,15--24,65
HN,2000,f,15--24,21
HT,2000,f,15--24,914
HU,2000,f,15--24,7
IE,2000,f,15--24,13
IL,2000,f,15--24,11
IN,2000,f,15--24,14495
IQ,2000,f,15--24,338
IR,2000,f,15--24,593
IT,2000,f,15--24,38
JM,2000,f,15--24,8
JO,2000,f,15--24,8
JP,2000,f,15--24,222
KE,2000,f,15--24,3916
KG,2000,f,15--24,128
KH,2000,f,15--24,457
KI,2000,f,15--24,5
KM,2000,f,15--24,9
KP,2000,f,15--24,683
KR,2000,f,15--24,546
KW,2000,f,15--24,11
KZ,2000,f,15--24,999
LA,2000,f,15--24,59
LB,2000,f,15--24,31
LC,2000,f,15--24,1
LK,2000,f,15--24,312
LR,2000,f,15--24,140
LS,2000,f,15--24,222
LT,2000,f,15--24,20
LV,2000,f,15--24,25
LY,2000,f,15--24,43
MA,2000,f,15--24,1530
MD,2000,f,15--24,16
MH,2000,f,15--24,7
MK,2000,f,15--24,15
ML,2000,f,15--24,174
MM,2000,f,15--24,1040
MN,2000,f,15--24,200
MO,2000,f,15--24,10
MP,2000,f,15--24,10
MU,2000,f,15--24,5
MV,2000,f,15--24,11
MW,2000,f,15--24,1038
MX,2000,f,15--24,663
MY,2000,f,15--24,464
NA,2000,f,15--24,352
NC,2000,f,15--24,8
NE,2000,f,15--24,123
NG,2000,f,15--24,2934
NI,2000,f,15--24,188
NL,2000,f,15--24,29
NO,2000,f,15--24,3
NP,2000,f,15--24,1267
NZ,2000,f,15--24,6
OM,2000,f,15--24,17
PA,2000,f,15--24,43
PE,2000,f,15--24,3686
PF,2000,f,15--24,4
PG,2000,f,15--24,77
PK,2000,f,15--24,591
PL,2000,f,15--24,99
PR,2000,f,15--24,4
PT,2000,f,15--24,114
PY,2000,f,15--24,69
QA,2000,f,15--24,0
RO,2000,f,15--24,701
RU,2000,f,15--24,43
RW,2000,f,15--24,396
SA,2000,f,15--24,172
SB,2000,f,15--24,15
SD,2000,f,15--24,925
SE,2000,f,15--24,9
SG,2000,f,15--24,9
SI,2000,f,15--24,3
SK,2000,f,15--24,5
SL,2000,f,15--24,249
SN,2000,f,15--24,521
SO,2000,f,15--24,354
SR,2000,f,15--24,3
ST,2000,f,15--24,7
SV,2000,f,15--24,81
SY,2000,f,15--24,195
SZ,2000,f,15--24,198
TG,2000,f,15--24,107
TH,2000,f,15--24,624
TM,2000,f,15--24,73
TN,2000,f,15--24,68
TO,2000,f,15--24,1
TT,2000,f,15--24,5
TZ,2000,f,15--24,2106
UA,2000,f,15--24,487
UG,2000,f,15--24,1649
US,2000,f,15--24,246
UY,2000,f,15--24,28
UZ,2000,f,15--24,261
VC,2000,f,15--24,0
VN,2000,f,15--24,1334
VU,2000,f,15--24,3
WS,2000,f,15--24,2
YE,2000,f,15--24,799
ZA,2000,f,15--24,1283
ZM,2000,f,15--24,932
AE,2000,f,25--34,1
AF,2000,f,25--34,565
AG,2000,f,25--34,1
AL,2000,f,25--34,10
AM,2000,f,25--34,27
AN,2000,f,25--34,1
AO,2000,f,25--34,1091
AR,2000,f,25--34,479
AT,2000,f,25--34,22
AU,2000,f,25--34,19
AZ,2000,f,25--34,3
BA,2000,f,25--34,46
BB,2000,f,25--34,1
BD,2000,f,25--34,3238
BE,2000,f,25--34,15
BF,2000,f,25--34,128
BG,2000,f,25--34,14
BH,2000,f,25--34,2
BJ,2000,f,25--34,275
BN,2000,f,25--34,6
BO,2000,f,25--34,588
BR,2000,f,25--34,7215
BS,2000,f,25--34,7
BT,2000,f,25--34,34
BW,2000,f,25--34,469
BZ,2000,f,25--34,1
CA,2000,f,25--34,40
CD,2000,f,25--34,5146
CH,2000,f,25--34,12
CK,2000,f,25--34,0
CL,2000,f,25--34,96
CM,2000,f,25--34,530
CN,2000,f,25--34,18496
CO,2000,f,25--34,758
CR,2000,f,25--34,33
CU,2000,f,25--34,22
CZ,2000,f,25--34,13
DJ,2000,f,25--34,156
DK,2000,f,25--34,15
DO,2000,f,25--34,325
DZ,2000,f,25--34,1293
EE,2000,f,25--34,11
EG,2000,f,25--34,343
ER,2000,f,25--34,87
ET,2000,f,25--34,4424
FI,2000,f,25--34,5
FJ,2000,f,25--34,5
FM,2000,f,25--34,1
FR,2000,f,25--34,127
GB,2000,f,25--34,114
GE,2000,f,25--34,37
GH,2000,f,25--34,791
GN,2000,f,25--34,446
GR,2000,f,25--34,9
GT,2000,f,25--34,167
GU,2000,f,25--34,1
GW,2000,f,25--34,46
GY,2000,f,25--34,8
HK,2000,f,25--34,115
HN,2000,f,25--34,269
HT,2000,f,25--34,857
HU,2000,f,25--34,17
IE,2000,f,25--34,8
IL,2000,f,25--34,15
IN,2000,f,25--34,17287
IQ,2000,f,25--34,241
IR,2000,f,25--34,410
IS,2000,f,25--34,1
IT,2000,f,25--34,58
JM,2000,f,25--34,8
JO,2000,f,25--34,9
JP,2000,f,25--34,464
KE,2000,f,25--34,4363
KG,2000,f,25--34,146
KH,2000,f,25--34,1157
KI,2000,f,25--34,6
KM,2000,f,25--34,6
KP,2000,f,25--34,1121
KR,2000,f,25--34,544
KW,2000,f,25--34,24
KZ,2000,f,25--34,1079
LA,2000,f,25--34,95
LB,2000,f,25--34,26
LC,2000,f,25--34,0
LK,2000,f,25--34,264
LR,2000,f,25--34,149
LS,2000,f,25--34,336
LT,2000,f,25--34,37
LV,2000,f,25--34,41
LY,2000,f,25--34,35
MA,2000,f,25--34,1121
MD,2000,f,25--34,32
MH,2000,f,25--34,3
MK,2000,f,25--34,14
ML,2000,f,25--34,232
MM,2000,f,25--34,1592
MN,2000,f,25--34,213
MO,2000,f,25--34,4
MP,2000,f,25--34,17
MU,2000,f,25--34,8
MV,2000,f,25--34,4
MW,2000,f,25--34,1481
MX,2000,f,25--34,828
MY,2000,f,25--34,564
NA,2000,f,25--34,654
NC,2000,f,25--34,1
NE,2000,f,25--34,206
NG,2000,f,25--34,2434
NI,2000,f,25--34,173
NL,2000,f,25--34,22
NO,2000,f,25--34,1
NP,2000,f,25--34,1078
NZ,2000,f,25--34,6
OM,2000,f,25--34,5
PA,2000,f,25--34,34
PE,2000,f,25--34,2472
PF,2000,f,25--34,1
PG,2000,f,25--34,45
PK,2000,f,25--34,416
PL,2000,f,25--34,158
PR,2000,f,25--34,5
PT,2000,f,25--34,154
PY,2000,f,25--34,86
QA,2000,f,25--34,4
RO,2000,f,25--34,766
RU,2000,f,25--34,73
RW,2000,f,25--34,473
SA,2000,f,25--34,182
SB,2000,f,25--34,13
SC,2000,f,25--34,1
SD,2000,f,25--34,1134
SE,2000,f,25--34,8
SG,2000,f,25--34,8
SI,2000,f,25--34,9
SK,2000,f,25--34,9
SL,2000,f,25--34,298
SN,2000,f,25--34,540
SO,2000,f,25--34,319
SR,2000,f,25--34,6
ST,2000,f,25--34,15
SV,2000,f,25--34,76
SY,2000,f,25--34,101
SZ,2000,f,25--34,298
TG,2000,f,25--34,124
TH,2000,f,25--34,1035
TM,2000,f,25--34,140
TN,2000,f,25--34,59
TO,2000,f,25--34,1
TT,2000,f,25--34,7
TZ,2000,f,25--34,3426
UA,2000,f,25--34,590
UG,2000,f,25--34,2782
US,2000,f,25--34,376
UY,2000,f,25--34,22
UZ,2000,f,25--34,547
VC,2000,f,25--34,0
VN,2000,f,25--34,2320
VU,2000,f,25--34,15
WS,2000,f,25--34,1
YE,2000,f,25--34,627
ZA,2000,f,25--34,1716
ZM,2000,f,25--34,1118
AE,2000,f,35-44,3
AF,2000,f,35-44,339
AG,2000,f,35-44,0
AL,2000,f,35-44,8
AM,2000,f,35-44,24
AN,2000,f,35-44,0
AO,2000,f,35-44,844
AR,2000,f,35-44,262
AT,2000,f,35-44,12
AU,2000,f,35-44,12
AZ,2000,f,35-44,6
BA,2000,f,35-44,29
BB,2000,f,35-44,0
BD,2000,f,35-44,2247
BE,2000,f,35-44,19
BF,2000,f,35-44,101
BG,2000,f,35-44,7
BH,2000,f,35-44,0
BJ,2000,f,35-44,149
BN,2000,f,35-44,9
BO,2000,f,35-44,334
BR,2000,f,35-44,5395
BS,2000,f,35-44,8
BT,2000,f,35-44,31
BW,2000,f,35-44,262
BZ,2000,f,35-44,2
CA,2000,f,35-44,30
CD,2000,f,35-44,3309
CH,2000,f,35-44,8
CK,2000,f,35-44,0
CL,2000,f,35-44,70
CM,2000,f,35-44,293
CN,2000,f,35-44,12377
CO,2000,f,35-44,523
CR,2000,f,35-44,24
CU,2000,f,35-44,26
CZ,2000,f,35-44,9
DJ,2000,f,35-44,47
DK,2000,f,35-44,14
DO,2000,f,35-44,212
DZ,2000,f,35-44,746
EE,2000,f,35-44,14
EG,2000,f,35-44,257
ER,2000,f,35-44,71
ET,2000,f,35-44,2105
FI,2000,f,35-44,3
FJ,2000,f,35-44,7
FM,2000,f,35-44,1
FR,2000,f,35-44,89
GB,2000,f,35-44,60
GE,2000,f,35-44,33
GH,2000,f,35-44,566
GN,2000,f,35-44,245
GR,2000,f,35-44,10
GT,2000,f,35-44,175
GU,2000,f,35-44,2
GW,2000,f,35-44,47
GY,2000,f,35-44,7
HK,2000,f,35-44,86
HN,2000,f,35-44,258
HT,2000,f,35-44,513
HU,2000,f,35-44,19
IE,2000,f,35-44,13
IL,2000,f,35-44,7
IN,2000,f,35-44,11768
IQ,2000,f,35-44,136
IR,2000,f,35-44,322
IT,2000,f,35-44,33
JM,2000,f,35-44,7
JO,2000,f,35-44,1
JP,2000,f,35-44,213
KE,2000,f,35-44,1874
KG,2000,f,35-44,100
KH,2000,f,35-44,1649
KI,2000,f,35-44,3
KM,2000,f,35-44,12
KP,2000,f,35-44,2004
KR,2000,f,35-44,393
KW,2000,f,35-44,12
KZ,2000,f,35-44,599
LA,2000,f,35-44,131
LB,2000,f,35-44,9
LC,2000,f,35-44,1
LK,2000,f,35-44,176
LR,2000,f,35-44,88
LS,2000,f,35-44,195
LT,2000,f,35-44,39
LV,2000,f,35-44,27
LY,2000,f,35-44,24
MA,2000,f,35-44,672
MD,2000,f,35-44,45
MH,2000,f,35-44,0
MK,2000,f,35-44,17
ML,2000,f,35-44,152
MM,2000,f,35-44,1397
MN,2000,f,35-44,113
MO,2000,f,35-44,6
MP,2000,f,35-44,7
MU,2000,f,35-44,8
MV,2000,f,35-44,5
MW,2000,f,35-44,831
MX,2000,f,35-44,698
MY,2000,f,35-44,424
NA,2000,f,35-44,348
NC,2000,f,35-44,1
NE,2000,f,35-44,168
NG,2000,f,35-44,1110
NI,2000,f,35-44,98
NL,2000,f,35-44,16
NP,2000,f,35-44,833
NZ,2000,f,35-44,5
OM,2000,f,35-44,7
PA,2000,f,35-44,35
PE,2000,f,35-44,1156
PF,2000,f,35-44,0
PG,2000,f,35-44,21
PK,2000,f,35-44,274
PL,2000,f,35-44,211
PR,2000,f,35-44,3
PT,2000,f,35-44,87
PY,2000,f,35-44,41
QA,2000,f,35-44,3
RO,2000,f,35-44,484
RU,2000,f,35-44,74
RW,2000,f,35-44,309
SA,2000,f,35-44,79
SB,2000,f,35-44,7
SC,2000,f,35-44,0
SD,2000,f,35-44,905
SE,2000,f,35-44,10
SG,2000,f,35-44,7
SI,2000,f,35-44,3
SK,2000,f,35-44,7
SL,2000,f,35-44,225
SN,2000,f,35-44,376
SO,2000,f,35-44,219
SR,2000,f,35-44,3
ST,2000,f,35-44,5
SV,2000,f,35-44,63
SY,2000,f,35-44,53
SZ,2000,f,35-44,62
TG,2000,f,35-44,50
TH,2000,f,35-44,780
TM,2000,f,35-44,76
TN,2000,f,35-44,43
TO,2000,f,35-44,1
TT,2000,f,35-44,9
TZ,2000,f,35-44,1738
UA,2000,f,35-44,447
UG,2000,f,35-44,1510
US,2000,f,35-44,349
UY,2000,f,35-44,21
UZ,2000,f,35-44,288
VC,2000,f,35-44,0
VN,2000,f,35-44,2754
VU,2000,f,35-44,7
WS,2000,f,35-44,1
YE,2000,f,35-44,517
ZA,2000,f,35-44,933
ZM,2000,f,35-44,1305
AE,2000,f,45-54,0
AF,2000,f,45-54,205
AG,2000,f,45-54,0
AL,2000,f,45-54,8
AM,2000,f,45-54,8
AN,2000,f,45-54,0
AO,2000,f,45-54,417
AR,2000,f,45-54,230
AS,2000,f,45-54,1
AT,2000,f,45-54,11
AU,2000,f,45-54,15
AZ,2000,f,45-54,3
BA,2000,f,45-54,29
BB,2000,f,45-54,0
BD,2000,f,45-54,1315
BE,2000,f,45-54,4
BF,2000,f,45-54,45
BG,2000,f,45-54,3
BH,2000,f,45-54,1
BJ,2000,f,45-54,76
BN,2000,f,45-54,6
BO,2000,f,45-54,254
BR,2000,f,45-54,3582
BS,2000,f,45-54,2
BT,2000,f,45-54,23
BW,2000,f,45-54,98
BZ,2000,f,45-54,4
CA,2000,f,45-54,25
CD,2000,f,45-54,1724
CH,2000,f,45-54,2
CK,2000,f,45-54,0
CL,2000,f,45-54,54
CM,2000,f,45-54,139
CN,2000,f,45-54,9899
CO,2000,f,45-54,381
CR,2000,f,45-54,20
CU,2000,f,45-54,22
CZ,2000,f,45-54,10
DJ,2000,f,45-54,31
DK,2000,f,45-54,6
DO,2000,f,45-54,115
DZ,2000,f,45-54,314
EE,2000,f,45-54,11
EG,2000,f,45-54,211
ER,2000,f,45-54,21
ET,2000,f,45-54,976
FI,2000,f,45-54,4
FJ,2000,f,45-54,1
FM,2000,f,45-54,0
FR,2000,f,45-54,46
GB,2000,f,45-54,31
GE,2000,f,45-54,17
GH,2000,f,45-54,338
GN,2000,f,45-54,114
GR,2000,f,45-54,5
GT,2000,f,45-54,135
GU,2000,f,45-54,5
GW,2000,f,45-54,24
GY,2000,f,45-54,5
HK,2000,f,45-54,44
HN,2000,f,45-54,270
HT,2000,f,45-54,275
HU,2000,f,45-54,22
IE,2000,f,45-54,6
IL,2000,f,45-54,3
IN,2000,f,45-54,7516
IQ,2000,f,45-54,134
IR,2000,f,45-54,320
IT,2000,f,45-54,13
JM,2000,f,45-54,2
JO,2000,f,45-54,2
JP,2000,f,45-54,292
KE,2000,f,45-54,831
KG,2000,f,45-54,41
KH,2000,f,45-54,1798
KI,2000,f,45-54,4
KM,2000,f,45-54,1
KP,2000,f,45-54,1524
KR,2000,f,45-54,220
KW,2000,f,45-54,5
KZ,2000,f,45-54,275
LA,2000,f,45-54,122
LB,2000,f,45-54,7
LC,2000,f,45-54,0
LK,2000,f,45-54,202
LR,2000,f,45-54,28
LS,2000,f,45-54,83
LT,2000,f,45-54,32
LV,2000,f,45-54,28
LY,2000,f,45-54,24
MA,2000,f,45-54,398
MD,2000,f,45-54,23
MH,2000,f,45-54,2
MK,2000,f,45-54,5
ML,2000,f,45-54,106
MM,2000,f,45-54,987
MN,2000,f,45-54,41
MO,2000,f,45-54,6
MP,2000,f,45-54,3
MU,2000,f,45-54,6
MV,2000,f,45-54,4
MW,2000,f,45-54,401
MX,2000,f,45-54,832
MY,2000,f,45-54,367
NA,2000,f,45-54,161
NC,2000,f,45-54,3
NE,2000,f,45-54,151
NG,2000,f,45-54,676
NI,2000,f,45-54,76
NL,2000,f,45-54,9
NP,2000,f,45-54,575
NR,2000,f,45-54,1
NZ,2000,f,45-54,0
OM,2000,f,45-54,5
PA,2000,f,45-54,19
PE,2000,f,45-54,609
PF,2000,f,45-54,1
PG,2000,f,45-54,15
PK,2000,f,45-54,163
PL,2000,f,45-54,170
PR,2000,f,45-54,7
PT,2000,f,45-54,41
PY,2000,f,45-54,41
QA,2000,f,45-54,1
RO,2000,f,45-54,341
RU,2000,f,45-54,38
RW,2000,f,45-54,109
SA,2000,f,45-54,51
SB,2000,f,45-54,7
SC,2000,f,45-54,1
SD,2000,f,45-54,771
SE,2000,f,45-54,2
SG,2000,f,45-54,9
SI,2000,f,45-54,4
SK,2000,f,45-54,5
SL,2000,f,45-54,92
SN,2000,f,45-54,217
SO,2000,f,45-54,110
SR,2000,f,45-54,0
ST,2000,f,45-54,7
SV,2000,f,45-54,63
SY,2000,f,45-54,46
SZ,2000,f,45-54,62
TG,2000,f,45-54,36
TH,2000,f,45-54,873
TM,2000,f,45-54,31
TN,2000,f,45-54,21
TT,2000,f,45-54,5
TZ,2000,f,45-54,868
UA,2000,f,45-54,298
UG,2000,f,45-54,671
US,2000,f,45-54,253
UY,2000,f,45-54,13
UZ,2000,f,45-54,213
VC,2000,f,45-54,0
VN,2000,f,45-54,2594
VU,2000,f,45-54,3
WS,2000,f,45-54,0
YE,2000,f,45-54,345
ZA,2000,f,45-54,423
ZM,2000,f,45-54,186
AE,2000,f,55-64,0
AF,2000,f,55-64,99
AG,2000,f,55-64,0
AL,2000,f,55-64,5
AM,2000,f,55-64,8
AN,2000,f,55-64,1
AO,2000,f,55-64,200
AR,2000,f,55-64,179
AT,2000,f,55-64,6
AU,2000,f,55-64,5
AZ,2000,f,55-64,0
BA,2000,f,55-64,48
BB,2000,f,55-64,0
BD,2000,f,55-64,778
BE,2000,f,55-64,13
BF,2000,f,55-64,38
BG,2000,f,55-64,4
BH,2000,f,55-64,1
BJ,2000,f,55-64,45
BN,2000,f,55-64,3
BO,2000,f,55-64,192
BR,2000,f,55-64,2384
BS,2000,f,55-64,3
BT,2000,f,55-64,3
BW,2000,f,55-64,57
BZ,2000,f,55-64,1
CA,2000,f,55-64,12
CD,2000,f,55-64,855
CH,2000,f,55-64,1
CK,2000,f,55-64,0
CL,2000,f,55-64,58
CM,2000,f,55-64,60
CN,2000,f,55-64,7102
CO,2000,f,55-64,304
CR,2000,f,55-64,23
CU,2000,f,55-64,23
CZ,2000,f,55-64,7
DJ,2000,f,55-64,17
DK,2000,f,55-64,7
DO,2000,f,55-64,79
DZ,2000,f,55-64,208
EE,2000,f,55-64,4
EG,2000,f,55-64,112
ER,2000,f,55-64,12
ET,2000,f,55-64,366
FI,2000,f,55-64,6
FJ,2000,f,55-64,4
FM,2000,f,55-64,1
FR,2000,f,55-64,43
GB,2000,f,55-64,31
GE,2000,f,55-64,10
GH,2000,f,55-64,179
GN,2000,f,55-64,82
GR,2000,f,55-64,6
GT,2000,f,55-64,87
GU,2000,f,55-64,2
GW,2000,f,55-64,15
GY,2000,f,55-64,5
HK,2000,f,55-64,45
HN,2000,f,55-64,160
HT,2000,f,55-64,132
HU,2000,f,55-64,10
IE,2000,f,55-64,7
IL,2000,f,55-64,7
IN,2000,f,55-64,4594
IQ,2000,f,55-64,103
IR,2000,f,55-64,407
IT,2000,f,55-64,19
JM,2000,f,55-64,5
JO,2000,f,55-64,2
JP,2000,f,55-64,384
KE,2000,f,55-64,347
KG,2000,f,55-64,30
KH,2000,f,55-64,1459
KI,2000,f,55-64,1
KM,2000,f,55-64,2
KP,2000,f,55-64,591
KR,2000,f,55-64,295
KW,2000,f,55-64,3
KZ,2000,f,55-64,202
LA,2000,f,55-64,91
LB,2000,f,55-64,4
LC,2000,f,55-64,1
LK,2000,f,55-64,144
LR,2000,f,55-64,16
LS,2000,f,55-64,36
LT,2000,f,55-64,22
LV,2000,f,55-64,7
LY,2000,f,55-64,16
MA,2000,f,55-64,406
MD,2000,f,55-64,14
MH,2000,f,55-64,2
MK,2000,f,55-64,5
ML,2000,f,55-64,75
MM,2000,f,55-64,592
MN,2000,f,55-64,26
MO,2000,f,55-64,3
MP,2000,f,55-64,1
MU,2000,f,55-64,7
MV,2000,f,55-64,5
MW,2000,f,55-64,148
MX,2000,f,55-64,595
MY,2000,f,55-64,356
NA,2000,f,55-64,76
NC,2000,f,55-64,2
NE,2000,f,55-64,63
NG,2000,f,55-64,344
NI,2000,f,55-64,46
NL,2000,f,55-64,5
NO,2000,f,55-64,2
NP,2000,f,55-64,419
NR,2000,f,55-64,1
NZ,2000,f,55-64,4
OM,2000,f,55-64,11
PA,2000,f,55-64,12
PE,2000,f,55-64,499
PF,2000,f,55-64,0
PG,2000,f,55-64,5
PK,2000,f,55-64,103
PL,2000,f,55-64,82
PR,2000,f,55-64,1
PT,2000,f,55-64,25
PY,2000,f,55-64,30
QA,2000,f,55-64,0
RO,2000,f,55-64,207
RU,2000,f,55-64,31
RW,2000,f,55-64,52
SA,2000,f,55-64,50
SB,2000,f,55-64,5
SC,2000,f,55-64,1
SD,2000,f,55-64,327
SE,2000,f,55-64,2
SG,2000,f,55-64,5
SI,2000,f,55-64,3
SK,2000,f,55-64,4
SL,2000,f,55-64,49
SN,2000,f,55-64,107
SO,2000,f,55-64,72
SR,2000,f,55-64,1
ST,2000,f,55-64,4
SV,2000,f,55-64,39
SY,2000,f,55-64,38
SZ,2000,f,55-64,24
TG,2000,f,55-64,24
TH,2000,f,55-64,1016
TM,2000,f,55-64,34
TN,2000,f,55-64,21
TO,2000,f,55-64,1
TT,2000,f,55-64,2
TZ,2000,f,55-64,494
UA,2000,f,55-64,218
UG,2000,f,55-64,316
US,2000,f,55-64,152
UY,2000,f,55-64,12
UZ,2000,f,55-64,112
VC,2000,f,55-64,0
VN,2000,f,55-64,2847
VU,2000,f,55-64,3
WS,2000,f,55-64,0
YE,2000,f,55-64,247
ZA,2000,f,55-64,167
ZM,2000,f,55-64,112
AE,2000,f,65-100,4
AF,2000,f,65-100,36
AG,2000,f,65-100,0
AL,2000,f,65-100,11
AM,2000,f,65-100,4
AN,2000,f,65-100,0
AO,2000,f,65-100,120
AR,2000,f,65-100,216
AT,2000,f,65-100,22
AU,2000,f,65-100,14
AZ,2000,f,65-100,0
BA,2000,f,65-100,124
BB,2000,f,65-100,0
BD,2000,f,65-100,370
BE,2000,f,65-100,27
BF,2000,f,65-100,14
BG,2000,f,65-100,6
BH,2000,f,65-100,1
BJ,2000,f,65-100,25
BN,2000,f,65-100,4
BO,2000,f,65-100,233
BR,2000,f,65-100,2496
BS,2000,f,65-100,1
BT,2000,f,65-100,2
BW,2000,f,65-100,36
BZ,2000,f,65-100,4
CA,2000,f,65-100,66
CD,2000,f,65-100,351
CH,2000,f,65-100,6
CK,2000,f,65-100,0
CL,2000,f,65-100,83
CM,2000,f,65-100,33
CN,2000,f,65-100,6296
CO,2000,f,65-100,510
CR,2000,f,65-100,24
CU,2000,f,65-100,39
CZ,2000,f,65-100,57
DJ,2000,f,65-100,10
DK,2000,f,65-100,8
DO,2000,f,65-100,75
DZ,2000,f,65-100,312
EE,2000,f,65-100,10
EG,2000,f,65-100,48
ER,2000,f,65-100,8
ET,2000,f,65-100,122
FI,2000,f,65-100,49
FJ,2000,f,65-100,0
FM,2000,f,65-100,1
FR,2000,f,65-100,155
GB,2000,f,65-100,67
GE,2000,f,65-100,5
GH,2000,f,65-100,176
GN,2000,f,65-100,45
GR,2000,f,65-100,25
GT,2000,f,65-100,111
GU,2000,f,65-100,2
GW,2000,f,65-100,12
GY,2000,f,65-100,3
HK,2000,f,65-100,211
HN,2000,f,65-100,38
HT,2000,f,65-100,71
HU,2000,f,65-100,30
IE,2000,f,65-100,15
IL,2000,f,65-100,25
IN,2000,f,65-100,2697
IQ,2000,f,65-100,87
IR,2000,f,65-100,647
IT,2000,f,65-100,39
JM,2000,f,65-100,1
JO,2000,f,65-100,5
JP,2000,f,65-100,1958
KE,2000,f,65-100,148
KG,2000,f,65-100,29
KH,2000,f,65-100,892
KI,2000,f,65-100,3
KM,2000,f,65-100,1
KP,2000,f,65-100,357
KR,2000,f,65-100,795
KW,2000,f,65-100,1
KZ,2000,f,65-100,204
LA,2000,f,65-100,71
LB,2000,f,65-100,6
LC,2000,f,65-100,0
LK,2000,f,65-100,113
LR,2000,f,65-100,16
LS,2000,f,65-100,29
LT,2000,f,65-100,48
LV,2000,f,65-100,15
LY,2000,f,65-100,22
MA,2000,f,65-100,352
MD,2000,f,65-100,6
MH,2000,f,65-100,0
MK,2000,f,65-100,10
ML,2000,f,65-100,43
MM,2000,f,65-100,378
MN,2000,f,65-100,17
MO,2000,f,65-100,13
MP,2000,f,65-100,1
MU,2000,f,65-100,4
MV,2000,f,65-100,2
MW,2000,f,65-100,64
MX,2000,f,65-100,709
MY,2000,f,65-100,286
NA,2000,f,65-100,52
NC,2000,f,65-100,4
NE,2000,f,65-100,9
NG,2000,f,65-100,231
NI,2000,f,65-100,61
NL,2000,f,65-100,10
NO,2000,f,65-100,5
NP,2000,f,65-100,228
NZ,2000,f,65-100,10
OM,2000,f,65-100,6
PA,2000,f,65-100,16
PE,2000,f,65-100,624
PF,2000,f,65-100,0
PG,2000,f,65-100,1
PK,2000,f,65-100,56
PL,2000,f,65-100,421
PR,2000,f,65-100,3
PT,2000,f,65-100,64
PY,2000,f,65-100,46
QA,2000,f,65-100,0
RO,2000,f,65-100,321
RU,2000,f,65-100,44
RW,2000,f,65-100,14
SA,2000,f,65-100,70
SB,2000,f,65-100,2
SD,2000,f,65-100,323
SE,2000,f,65-100,15
SG,2000,f,65-100,16
SI,2000,f,65-100,20
SK,2000,f,65-100,54
SL,2000,f,65-100,30
SN,2000,f,65-100,61
SO,2000,f,65-100,41
SR,2000,f,65-100,1
ST,2000,f,65-100,15
SV,2000,f,65-100,47
SY,2000,f,65-100,28
SZ,2000,f,65-100,5
TG,2000,f,65-100,15
TH,2000,f,65-100,1321
TM,2000,f,65-100,17
TN,2000,f,65-100,58
TO,2000,f,65-100,1
TT,2000,f,65-100,4
TZ,2000,f,65-100,269
UA,2000,f,65-100,405
UG,2000,f,65-100,163
US,2000,f,65-100,396
UY,2000,f,65-100,16
UZ,2000,f,65-100,111
VC,2000,f,65-100,0
VN,2000,f,65-100,4907
VU,2000,f,65-100,1
WS,2000,f,65-100,0
YE,2000,f,65-100,92
ZA,2000,f,65-100,80
ZM,2000,f,65-100,75
